{
  "experiment": "experimentA",
  "seed": 42,
  "machine_id": "5be35af4c0ba",
  "num_nodes": 100,
  "average_degree": 4,
  "results_path": "C:\\Users\\Raiyan Abdul Baten\\Dropbox\\py_virtual_env_dec20\\Nayeem - creativity\\hnds2-main\\outputs\\modularity_control\\results\\results_ws_N100_K4_seed42.json",
  "steps": {
    "ws_baseline": {
      "modularity_by_p": {
        "0.0": [
          0.6888,
          0.6888,
          0.6888,
          0.6888,
          0.6888,
          0.6888,
          0.6888,
          0.6888,
          0.6888,
          0.6888,
          0.6888,
          0.6888,
          0.6888,
          0.6888,
          0.6888
        ],
        "0.05": [
          0.7100125,
          0.7062750000000001,
          0.6891625,
          0.718225,
          0.706975,
          0.7164250000000001,
          0.6974125000000002,
          0.70795,
          0.719825,
          0.7107,
          0.6650749999999999,
          0.7018125000000001,
          0.7079125,
          0.7133125,
          0.7280125
        ],
        "0.1": [
          0.697875,
          0.7353500000000001,
          0.6930500000000002,
          0.7133375000000001,
          0.7061,
          0.7054625,
          0.7039374999999999,
          0.6951375000000001,
          0.7067875,
          0.6987749999999999,
          0.692,
          0.6949249999999999,
          0.7198375,
          0.6893499999999999,
          0.7021
        ],
        "0.15": [
          0.680125,
          0.6849,
          0.6394875,
          0.6252000000000001,
          0.6570250000000001,
          0.6844875,
          0.6708375000000001,
          0.7120375,
          0.6776125,
          0.6974375,
          0.68165,
          0.6532125,
          0.7126625,
          0.665175,
          0.6874000000000001
        ],
        "0.2": [
          0.6213749999999999,
          0.6324375000000002,
          0.6545000000000001,
          0.6471500000000001,
          0.6703625000000001,
          0.6443,
          0.6725375000000001,
          0.655,
          0.6242249999999999,
          0.633925,
          0.6610750000000001,
          0.6614375,
          0.6582,
          0.6170000000000001,
          0.6351000000000001
        ],
        "0.25": [
          0.6342,
          0.6248875,
          0.6212125000000001,
          0.60265,
          0.6335875000000001,
          0.6151375,
          0.6142500000000001,
          0.6201000000000001,
          0.6105750000000001,
          0.6305375000000001,
          0.6349375,
          0.6615,
          0.6399875,
          0.589175,
          0.637275
        ],
        "0.3": [
          0.5868625,
          0.588875,
          0.559725,
          0.5796,
          0.6055499999999999,
          0.5594750000000001,
          0.59105,
          0.5876250000000001,
          0.5815375,
          0.6010500000000001,
          0.6260375,
          0.571,
          0.5926875,
          0.5853625,
          0.5845875
        ],
        "0.35": [
          0.5909625000000001,
          0.594775,
          0.5773375,
          0.5481374999999999,
          0.5600875,
          0.5769,
          0.5501125000000001,
          0.5818,
          0.5437750000000001,
          0.578125,
          0.5315125,
          0.551925,
          0.5907375,
          0.528775,
          0.5869125000000001
        ],
        "0.4": [
          0.4976125,
          0.522675,
          0.5536625000000001,
          0.5790500000000001,
          0.5365625,
          0.5417625,
          0.5528874999999999,
          0.5345125,
          0.5071625,
          0.592675,
          0.5650375,
          0.5404125,
          0.5568749999999999,
          0.5250125,
          0.5212874999999999
        ],
        "0.45": [
          0.550575,
          0.5443625,
          0.47520000000000007,
          0.5622625000000001,
          0.49352499999999994,
          0.590275,
          0.5454375,
          0.5342250000000001,
          0.508175,
          0.5284,
          0.5230374999999999,
          0.4855125,
          0.5049125000000001,
          0.5029750000000001,
          0.5204
        ],
        "0.5": [
          0.5137124999999999,
          0.549575,
          0.496075,
          0.5293875,
          0.5028625,
          0.49321249999999994,
          0.49121250000000005,
          0.5100750000000001,
          0.518425,
          0.5074,
          0.5201875,
          0.5214375,
          0.5095000000000001,
          0.49165000000000003,
          0.5279125
        ],
        "0.55": [
          0.5218,
          0.48496249999999996,
          0.4934375,
          0.4733,
          0.49067500000000003,
          0.5086125,
          0.4967749999999999,
          0.4991375,
          0.4509125,
          0.4955625,
          0.4842375,
          0.5149875,
          0.511725,
          0.500625,
          0.4775375
        ],
        "0.6": [
          0.48529999999999995,
          0.4763,
          0.47695000000000004,
          0.5022125,
          0.48605,
          0.50905,
          0.4796625,
          0.48945000000000005,
          0.487975,
          0.4977999999999999,
          0.4927375,
          0.46367500000000006,
          0.47545000000000004,
          0.46425,
          0.4970375
        ],
        "0.65": [
          0.48660000000000003,
          0.46548749999999994,
          0.49455,
          0.47325000000000006,
          0.4741625,
          0.47973750000000004,
          0.49953749999999997,
          0.4833875000000001,
          0.49153749999999996,
          0.47450000000000003,
          0.46775000000000005,
          0.490525,
          0.486,
          0.4808,
          0.4847999999999999
        ],
        "0.7": [
          0.47934999999999994,
          0.47292500000000004,
          0.46458750000000004,
          0.4803375,
          0.4884625,
          0.5094375,
          0.4584125,
          0.48740000000000006,
          0.48132500000000006,
          0.4690249999999999,
          0.4793375,
          0.4688,
          0.50175,
          0.4713875,
          0.46404999999999996
        ],
        "0.75": [
          0.4917125000000001,
          0.475775,
          0.4580125,
          0.44142499999999996,
          0.48693749999999997,
          0.4861,
          0.468775,
          0.4791750000000001,
          0.47752500000000003,
          0.4552999999999999,
          0.4636375,
          0.47291249999999996,
          0.464075,
          0.48321250000000004,
          0.43690000000000007
        ],
        "0.8": [
          0.4463125,
          0.46236249999999995,
          0.46508750000000004,
          0.4743125,
          0.4696125000000001,
          0.5027125,
          0.43456249999999996,
          0.46520000000000006,
          0.4534125,
          0.460225,
          0.491,
          0.4576625,
          0.4613375,
          0.46243750000000006,
          0.4595
        ],
        "0.85": [
          0.4544625,
          0.4659375,
          0.4651875000000001,
          0.4728125,
          0.48457500000000003,
          0.492425,
          0.4840875,
          0.4846500000000001,
          0.4584375,
          0.482475,
          0.46321249999999997,
          0.4860875,
          0.46832500000000005,
          0.46281249999999996,
          0.48306249999999995
        ],